{
    "name": "root",
    "gauges": {
        "CubeAgent.Policy.Entropy.mean": {
            "value": 1.420536756515503,
            "min": 1.4189382791519165,
            "max": 1.4205368757247925,
            "count": 10
        },
        "CubeAgent.Policy.Entropy.sum": {
            "value": 2836.81201171875,
            "min": 2774.0244140625,
            "max": 2896.474609375,
            "count": 10
        },
        "CubeAgent.Environment.EpisodeLength.mean": {
            "value": 59.40625,
            "min": 59.40625,
            "max": 89.08695652173913,
            "count": 10
        },
        "CubeAgent.Environment.EpisodeLength.sum": {
            "value": 1901.0,
            "min": 1883.0,
            "max": 2092.0,
            "count": 10
        },
        "CubeAgent.Step.mean": {
            "value": 19970.0,
            "min": 1982.0,
            "max": 19970.0,
            "count": 10
        },
        "CubeAgent.Step.sum": {
            "value": 19970.0,
            "min": 1982.0,
            "max": 19970.0,
            "count": 10
        },
        "CubeAgent.Policy.ExtrinsicValueEstimate.mean": {
            "value": -0.1607411652803421,
            "min": -0.5876498222351074,
            "max": -0.14904679358005524,
            "count": 10
        },
        "CubeAgent.Policy.ExtrinsicValueEstimate.sum": {
            "value": -7.715575695037842,
            "min": -25.26894187927246,
            "max": -6.558058738708496,
            "count": 10
        },
        "CubeAgent.Environment.CumulativeReward.mean": {
            "value": 0.7575757575757576,
            "min": 0.0,
            "max": 0.8333333333333334,
            "count": 10
        },
        "CubeAgent.Environment.CumulativeReward.sum": {
            "value": 25.0,
            "min": 0.0,
            "max": 25.0,
            "count": 10
        },
        "CubeAgent.Policy.ExtrinsicReward.mean": {
            "value": 0.7575757575757576,
            "min": 0.0,
            "max": 0.8333333333333334,
            "count": 10
        },
        "CubeAgent.Policy.ExtrinsicReward.sum": {
            "value": 25.0,
            "min": 0.0,
            "max": 25.0,
            "count": 10
        },
        "CubeAgent.IsTraining.mean": {
            "value": 1.0,
            "min": 1.0,
            "max": 1.0,
            "count": 10
        },
        "CubeAgent.IsTraining.sum": {
            "value": 1.0,
            "min": 1.0,
            "max": 1.0,
            "count": 10
        },
        "CubeAgent.Losses.PolicyLoss.mean": {
            "value": 0.03106416556499122,
            "min": 0.03106416556499122,
            "max": 0.03106416556499122,
            "count": 1
        },
        "CubeAgent.Losses.PolicyLoss.sum": {
            "value": 0.03106416556499122,
            "min": 0.03106416556499122,
            "max": 0.03106416556499122,
            "count": 1
        },
        "CubeAgent.Losses.ValueLoss.mean": {
            "value": 0.12916121184825896,
            "min": 0.12916121184825896,
            "max": 0.12916121184825896,
            "count": 1
        },
        "CubeAgent.Losses.ValueLoss.sum": {
            "value": 0.12916121184825896,
            "min": 0.12916121184825896,
            "max": 0.12916121184825896,
            "count": 1
        },
        "CubeAgent.Policy.LearningRate.mean": {
            "value": 0.0002938242020586,
            "min": 0.0002938242020586,
            "max": 0.0002938242020586,
            "count": 1
        },
        "CubeAgent.Policy.LearningRate.sum": {
            "value": 0.0002938242020586,
            "min": 0.0002938242020586,
            "max": 0.0002938242020586,
            "count": 1
        },
        "CubeAgent.Policy.Epsilon.mean": {
            "value": 0.19794139999999996,
            "min": 0.19794139999999996,
            "max": 0.19794139999999996,
            "count": 1
        },
        "CubeAgent.Policy.Epsilon.sum": {
            "value": 0.19794139999999996,
            "min": 0.19794139999999996,
            "max": 0.19794139999999996,
            "count": 1
        },
        "CubeAgent.Policy.Beta.mean": {
            "value": 0.005000000000000001,
            "min": 0.005000000000000001,
            "max": 0.005000000000000001,
            "count": 1
        },
        "CubeAgent.Policy.Beta.sum": {
            "value": 0.005000000000000001,
            "min": 0.005000000000000001,
            "max": 0.005000000000000001,
            "count": 1
        }
    },
    "metadata": {
        "timer_format_version": "0.1.0",
        "start_time_seconds": "1679990659",
        "python_version": "3.9.13 (main, Aug 25 2022, 23:51:50) [MSC v.1916 64 bit (AMD64)]",
        "command_line_arguments": "C:\\Users\\Gebruiker\\anaconda3\\Scripts\\mlagents-learn config/CubeAgent.yaml --run-id=speed02",
        "mlagents_version": "0.30.0",
        "mlagents_envs_version": "0.30.0",
        "communication_protocol_version": "1.5.0",
        "pytorch_version": "1.7.1+cu110",
        "numpy_version": "1.21.2",
        "end_time_seconds": "1679991127"
    },
    "total": 468.6393535,
    "count": 1,
    "self": 0.04010310000001027,
    "children": {
        "run_training.setup": {
            "total": 0.29116129999999885,
            "count": 1,
            "self": 0.29116129999999885
        },
        "TrainerController.start_learning": {
            "total": 468.3080891,
            "count": 1,
            "self": 0.7523786000016344,
            "children": {
                "TrainerController._reset_env": {
                    "total": 18.9912529,
                    "count": 1,
                    "self": 18.9912529
                },
                "TrainerController.advance": {
                    "total": 448.13200949999833,
                    "count": 22228,
                    "self": 0.663664999992136,
                    "children": {
                        "env_step": {
                            "total": 433.73638280000364,
                            "count": 22228,
                            "self": 384.53849830000456,
                            "children": {
                                "SubprocessEnvManager._take_step": {
                                    "total": 48.681474199999414,
                                    "count": 22228,
                                    "self": 2.136766199998135,
                                    "children": {
                                        "TorchPolicy.evaluate": {
                                            "total": 46.54470800000128,
                                            "count": 21962,
                                            "self": 46.54470800000128
                                        }
                                    }
                                },
                                "workers": {
                                    "total": 0.5164102999996345,
                                    "count": 22227,
                                    "self": 0.0,
                                    "children": {
                                        "worker_root": {
                                            "total": 376.5426632999997,
                                            "count": 22227,
                                            "is_parallel": true,
                                            "self": 102.1287914000032,
                                            "children": {
                                                "steps_from_proto": {
                                                    "total": 0.00047309999999889385,
                                                    "count": 1,
                                                    "is_parallel": true,
                                                    "self": 0.00023329999999965878,